hgnc_symbol,ensembl_id,chromosome,tier,source,gvc_causal,agora_risk_score,disgenet_gda_score,evidence_types
ABCA1,ENSG00000165029,9,1,gvc|gwas_catalog,confirmed,NA,NA,NA
ABCA7,ENSG00000064687,19,1,gvc|gwas_catalog,confirmed,NA,NA,NA
ABI3,ENSG00000108798,17,1,gvc|gwas_catalog,confirmed,NA,NA,NA
ACE,ENSG00000159640,17,1,gvc|agora|gwas_catalog,ambiguous,3,NA,Genetics|Metabolomics|Protein
ADAM17,ENSG00000151694,2,1,gvc|gwas_catalog,ambiguous,NA,NA,NA
ADAMTS1,ENSG00000154734,21,1,gvc|gwas_catalog,ambiguous,NA,NA,NA
ANK3,ENSG00000151150,10,1,gvc|gwas_catalog,ambiguous,NA,NA,NA
ANKH,ENSG00000154122,5,1,gvc|gwas_catalog,ambiguous,NA,NA,NA
APH1B,ENSG00000138613,15,1,gvc|gwas_catalog,ambiguous,NA,NA,NA
APP,ENSG00000142192,21,1,gvc|gwas_catalog,confirmed,NA,NA,NA
ATP8B4,ENSG00000104043,15,1,gvc,confirmed,NA,NA,NA
BCKDK,ENSG00000103507,16,1,gvc|gwas_catalog,ambiguous,NA,NA,NA
BIN1,ENSG00000136717,2,1,gvc|agora|gwas_catalog,confirmed,4,NA,Genetics|Metabolomics|Protein|RNA
BLNK,ENSG00000095585,10,1,gvc|gwas_catalog,ambiguous,NA,NA,NA
CASS4,ENSG00000087589,20,1,gvc|gwas_catalog,ambiguous,NA,NA,NA
CD2AP,ENSG00000198087,6,1,gvc|gwas_catalog,ambiguous,NA,NA,NA
CLNK,ENSG00000109684,4,1,gvc,ambiguous,NA,NA,NA
CLU,ENSG00000120885,8,1,gvc|agora|gwas_catalog,ambiguous,4,NA,Clinical|Genetics|Metabolomics|Protein|RNA
COX7C,ENSG00000127184,5,1,gvc,ambiguous,NA,NA,NA
CR1,ENSG00000203710,1,1,gvc|gwas_catalog,confirmed,NA,NA,NA
CTSB,ENSG00000164733,8,1,gvc|gwas_catalog,ambiguous,NA,NA,NA
CTSH,ENSG00000103811,15,1,gvc|gwas_catalog,ambiguous,NA,NA,NA
DOC2A,ENSG00000149927,16,1,gvc|gwas_catalog,ambiguous,NA,NA,NA
EED,ENSG00000074266,11,1,gvc,ambiguous,NA,NA,NA
EPDR1,ENSG00000086289,7,1,gvc,ambiguous,NA,NA,NA
EPHA1,ENSG00000146904,7,1,gvc|agora|gwas_catalog,confirmed,2,NA,Genetics|Metabolomics|RNA
FERMT2,ENSG00000073712,14,1,gvc|gwas_catalog,ambiguous,NA,NA,NA
FOXF1,ENSG00000103241,16,1,gvc,ambiguous,NA,NA,NA
GRN,ENSG00000030582,17,1,gvc|gwas_catalog,ambiguous,NA,NA,NA
HLA-DQA1,ENSG00000196735,6,1,gvc|gwas_catalog,ambiguous,NA,NA,NA
HS3ST5,ENSG00000249853,6,1,gvc|gwas_catalog,ambiguous,NA,NA,NA
ICA1,ENSG00000003147,7,1,gvc|gwas_catalog,ambiguous,NA,NA,NA
IDUA,ENSG00000127415,4,1,gvc|gwas_catalog,ambiguous,NA,NA,NA
IL34,ENSG00000157368,16,1,gvc|gwas_catalog,ambiguous,NA,NA,NA
INPP5D,ENSG00000168918,2,1,gvc|agora|gwas_catalog,ambiguous,4,NA,Genetics|Metabolomics|RNA
JAZF1,ENSG00000153814,7,1,gvc|gwas_catalog,ambiguous,NA,NA,NA
KLF16,ENSG00000129911,19,1,gvc|gwas_catalog,ambiguous,NA,NA,NA
LILRB2,ENSG00000131042,19,1,gvc|gwas_catalog,ambiguous,NA,NA,NA
MAF,ENSG00000178573,16,1,gvc|gwas_catalog,ambiguous,NA,NA,NA
MINDY2,ENSG00000128923,15,1,gvc,ambiguous,NA,NA,NA
MME,ENSG00000196549,3,1,gvc|gwas_catalog,ambiguous,NA,NA,NA
MS4A4A,ENSG00000110079,11,1,gvc|gwas_catalog,ambiguous,NA,NA,NA
MYO15A,ENSG00000091536,17,1,gvc|gwas_catalog,ambiguous,NA,NA,NA
NCK2,ENSG00000071051,2,1,gvc|gwas_catalog,ambiguous,NA,NA,NA
PLCG2,ENSG00000197943,16,1,gvc|gwas_catalog,confirmed,NA,NA,NA
PLEKHA1,ENSG00000107679,10,1,gvc|gwas_catalog,ambiguous,NA,NA,NA
PRDM7,ENSG00000126856,16,1,gvc,ambiguous,NA,NA,NA
PRKD3,ENSG00000115825,2,1,gvc|gwas_catalog,ambiguous,NA,NA,NA
PSEN1,ENSG00000080815,14,1,gvc,confirmed,NA,NA,NA
PSEN2,ENSG00000143801,1,1,gvc,confirmed,NA,NA,NA
PTK2B,ENSG00000120899,8,1,gvc|gwas_catalog,ambiguous,NA,NA,NA
RASGEF1C,ENSG00000146090,5,1,gvc|gwas_catalog,ambiguous,NA,NA,NA
RBCK1,ENSG00000125826,20,1,gvc|gwas_catalog,ambiguous,NA,NA,NA
RHOH,ENSG00000168421,4,1,gvc|gwas_catalog,ambiguous,NA,NA,NA
SCIMP,ENSG00000161929,17,1,gvc|gwas_catalog,ambiguous,NA,NA,NA
SEC61G,ENSG00000132432,7,1,gvc,ambiguous,NA,NA,NA
SHARPIN,ENSG00000179526,8,1,gvc|gwas_catalog,ambiguous,NA,NA,NA
SIGLEC11,ENSG00000161640,19,1,gvc|gwas_catalog,ambiguous,NA,NA,NA
SLC24A4,ENSG00000140090,14,1,gvc|gwas_catalog,ambiguous,NA,NA,NA
SLC2A4RG,ENSG00000125520,20,1,gvc|gwas_catalog,ambiguous,NA,NA,NA
SNX1,ENSG00000028528,15,1,gvc|gwas_catalog,ambiguous,NA,NA,NA
SORL1,ENSG00000137642,11,1,gvc|gwas_catalog,confirmed,NA,NA,NA
SORT1,ENSG00000134243,1,1,gvc|gwas_catalog,ambiguous,NA,NA,NA
SPDYE3,ENSG00000214300,7,1,gvc,ambiguous,NA,NA,NA
SPI1,ENSG00000066336,11,1,gvc|gwas_catalog,confirmed,NA,NA,NA
SPPL2A,ENSG00000138600,15,1,gvc|gwas_catalog,ambiguous,NA,NA,NA
TMEM106B,ENSG00000106460,7,1,gvc|gwas_catalog,ambiguous,NA,NA,NA
TNIP1,ENSG00000145901,5,1,gvc|gwas_catalog,ambiguous,NA,NA,NA
TPCN1,ENSG00000186815,12,1,gvc|gwas_catalog,ambiguous,NA,NA,NA
TREM2,ENSG00000095970,6,1,gvc|gwas_catalog,confirmed,NA,NA,NA
TREML2,ENSG00000112195,6,1,gvc|gwas_catalog,ambiguous,NA,NA,NA
TSPAN14,ENSG00000108219,10,1,gvc|gwas_catalog,ambiguous,NA,NA,NA
TSPOAP1,ENSG00000005379,17,1,gvc,ambiguous,NA,NA,NA
UMAD1,ENSG00000219545,7,1,gvc|gwas_catalog,ambiguous,NA,NA,NA
UNC5CL,ENSG00000124602,6,1,gvc|gwas_catalog,ambiguous,NA,NA,NA
USP6NL,ENSG00000148429,10,1,gvc,ambiguous,NA,NA,NA
WDR12,ENSG00000138442,2,1,gvc|gwas_catalog,ambiguous,NA,NA,NA
WDR81,ENSG00000167716,17,1,gvc|gwas_catalog,ambiguous,NA,NA,NA
WNT3,ENSG00000108379,17,1,gvc|gwas_catalog,ambiguous,NA,NA,NA
ABCA8,ENSG00000141338,17,2,agora,NA,1,NA,Genetics|Metabolomics|Phenomics|Protein|RNA
ADAMTS4,ENSG00000158859,1,2,agora|gwas_catalog,NA,2,NA,Genetics|Metabolomics|RNA
AHCYL1,ENSG00000168710,1,2,agora,NA,1,NA,Genetics|Metabolomics|Phenomics|Protein|RNA
AK4,ENSG00000162433,1,2,agora,NA,1,NA,Clinical|Genetics|Protein|RNA
AKR1D1,ENSG00000122787,7,2,agora,NA,1,NA,Genetics|Protein|RNA
AP2A2,ENSG00000183020,11,2,agora|gwas_catalog,NA,1,NA,Genetics|Protein|RNA
AP2B1,ENSG00000006125,17,2,agora,NA,2,NA,Genetics|Protein|RNA
APOC1,ENSG00000130208,19,2,agora|gwas_catalog,NA,2,NA,Genetics|Metabolomics|RNA
APOE,ENSG00000130203,19,2,agora|gwas_catalog,NA,5,NA,Genetics|Metabolomics|Phenomics|Protein|RNA
ARHGAP17,ENSG00000140750,16,2,agora,NA,1,NA,Genetics|Metabolomics|Phenomics|Protein|RNA
ARHGAP26,ENSG00000145819,5,2,agora,NA,1,NA,Genetics|Protein|RNA
ASAH1,ENSG00000104763,8,2,agora,NA,1,NA,Genetics|Metabolomics|Phenomics|Protein|RNA
ATL3,ENSG00000184743,11,2,agora,NA,1,NA,Genetics|Metabolomics|Phenomics|Protein|RNA
ATP1B1,ENSG00000143153,1,2,agora,NA,2,NA,Clinical|Genetics|Protein|RNA
ATP2B1,ENSG00000070961,12,2,agora,NA,2,NA,Genetics|Protein|RNA
ATP5PO,ENSG00000241837,21,2,agora,NA,1,NA,Genetics|Protein|RNA
ATP6V1A,ENSG00000114573,3,2,agora,NA,2,NA,Genetics|Protein|RNA
ATP6V1B2,ENSG00000147416,8,2,agora,NA,1,NA,Genetics|Protein|RNA
BLOC1S1,ENSG00000135441,12,2,agora,NA,1,NA,Genetics|Protein|RNA
BSCL2,ENSG00000168000,11,2,agora,NA,1,NA,Genetics|Metabolomics|Phenomics|Protein|RNA
C1QTNF4,ENSG00000172247,11,2,agora,NA,2,NA,Clinical|Genetics|Protein|RNA
C4A,ENSG00000244731,6,2,agora,NA,2,NA,Clinical|Genetics|Protein|RNA
CDK18,ENSG00000117266,1,2,agora,NA,2,NA,Genetics|Protein|RNA
CELF1,ENSG00000149187,11,2,agora|gwas_catalog,NA,1,NA,Genetics|Protein|RNA
CHADL,ENSG00000100399,22,2,agora,NA,2,NA,Clinical|Genetics|Protein|RNA
COX6B1,ENSG00000126267,19,2,agora,NA,1,NA,Genetics|Protein|RNA
CPLX1,ENSG00000168993,4,2,agora,NA,2,NA,Clinical|Genetics|Protein
CS,ENSG00000062485,12,2,agora,NA,2,NA,Clinical|Genetics|Protein
CSMD1,ENSG00000183117,8,2,agora|gwas_catalog,NA,2,NA,Genetics|Metabolomics|RNA
DAGLA,ENSG00000134780,11,2,agora,NA,1,NA,Genetics|Metabolomics|Phenomics|Protein|RNA
DAXX,ENSG00000204209,6,2,agora,NA,1,NA,Clinical|Genetics|Protein|RNA
DBI,ENSG00000155368,2,2,agora,NA,3,NA,Clinical|Genetics|Protein
DDB1,ENSG00000167986,11,2,agora,NA,1,NA,Genetics|Metabolomics|Phenomics|Protein|RNA
DESI1,ENSG00000100418,22,2,agora,NA,1,NA,Clinical|Genetics|Protein|RNA
DHRS11,ENSG00000278535,17,2,agora,NA,1,NA,Clinical|Genetics|Protein|RNA
DLAT,ENSG00000150768,11,2,agora,NA,1,NA,Genetics|Protein|RNA
DLGAP2,ENSG00000198010,8,2,agora,NA,2,NA,Clinical|Genetics|Protein|RNA
DNAJC6,ENSG00000116675,1,2,agora,NA,1,NA,Genetics|Protein|RNA
DND1,ENSG00000256453,5,2,agora,NA,1,NA,Clinical|Genetics|Protein|RNA
DNM1,ENSG00000106976,9,2,agora,NA,3,NA,Genetics|Protein|RNA
DPP6,ENSG00000130226,7,2,agora,NA,2,NA,Genetics|Protein|RNA
ENO3,ENSG00000108515,17,2,agora,NA,1,NA,Genetics|Metabolomics|Phenomics|Protein|RNA
ERBB3,ENSG00000065361,12,2,agora,NA,3,NA,Clinical|Genetics|Protein|RNA
FARSA,ENSG00000179115,19,2,agora,NA,1,NA,Genetics|Metabolomics|Phenomics|Protein|RNA
FCER1G,ENSG00000158869,1,2,agora,NA,2,NA,Genetics|Protein|RNA
FGF2,ENSG00000138685,4,2,agora,NA,1,NA,Behavior|Genetics|RNA
FOXO1,ENSG00000150907,13,2,agora,NA,2,NA,Genetics|Metabolomics|RNA
FRAT2,ENSG00000181274,10,2,agora,NA,1,NA,Clinical|Genetics|Protein|RNA
GABRA2,ENSG00000151834,4,2,agora,NA,2,NA,Genetics|Metabolomics|Phenomics|Protein|RNA
GAPDH,ENSG00000111640,12,2,agora,NA,1,NA,Genetics|Protein|RNA
GCDH,ENSG00000105607,19,2,agora,NA,1,NA,Genetics|Metabolomics|Phenomics|Protein|RNA
GCKR,ENSG00000084734,2,2,agora,NA,1,NA,Genetics|Protein|RNA
GRIA2,ENSG00000120251,4,2,agora,NA,2,NA,Genetics|Protein|RNA
GSN,ENSG00000148180,9,2,agora,NA,3,NA,Clinical|Genetics|Protein|RNA
HABP4,ENSG00000130956,9,2,agora,NA,1,NA,Clinical|Genetics|Protein|RNA
HOMER1,ENSG00000152413,5,2,agora,NA,2,NA,Genetics|Protein|RNA
HPR,ENSG00000261701,16,2,agora,NA,1,NA,Genetics|Metabolomics|Phenomics|Protein|RNA
HSPA2,ENSG00000126803,14,2,agora,NA,1,NA,Genetics|Protein|RNA
HSPB2,ENSG00000170276,11,2,agora,NA,1,NA,Clinical|Genetics|Protein|RNA
IGFBP5,ENSG00000115461,2,2,agora,NA,1,NA,Clinical|Genetics|Protein|RNA
ISYNA1,ENSG00000105655,19,2,agora,NA,1,NA,Genetics|Metabolomics|Phenomics|Protein|RNA
ITGB2,ENSG00000160255,21,2,agora,NA,2,NA,Genetics|Protein|RNA
ITPK1,ENSG00000100605,14,2,agora,NA,1,NA,Clinical|Genetics|Protein|RNA
KALRN,ENSG00000160145,3,2,agora,NA,2,NA,Clinical|Genetics|Protein|RNA
KCNK4,ENSG00000182450,11,2,agora,NA,1,NA,Clinical|Genetics|Protein|RNA
KCNN3,ENSG00000143603,1,2,agora,NA,1,NA,Genetics|Metabolomics|Phenomics|Protein|RNA
LAIR1,ENSG00000167613,19,2,agora,NA,2,NA,Genetics|Metabolomics|Phenomics|Protein|RNA
LAMA4,ENSG00000112769,6,2,agora,NA,1,NA,Genetics|Protein|RNA
LAPTM5,ENSG00000162511,1,2,agora,NA,2,NA,Behavior|Genetics|RNA
LRRC8D,ENSG00000171492,1,2,agora,NA,1,NA,Genetics|Protein|RNA
MAF1,ENSG00000179632,8,2,agora|gwas_catalog,NA,1,NA,Clinical|Genetics|Protein|RNA
MANF,ENSG00000145050,3,2,agora,NA,1,NA,Genetics|Protein|RNA
MAP1B,ENSG00000131711,5,2,agora,NA,1,NA,Genetics|Protein|RNA
MAP2,ENSG00000078018,2,2,agora,NA,1,NA,Genetics|Protein|RNA
MDH2,ENSG00000146701,7,2,agora,NA,1,NA,Genetics|Protein|RNA
MEF2C,ENSG00000081189,5,2,agora,NA,2,NA,Genetics|Metabolomics|RNA
MRPL37,ENSG00000116221,1,2,agora,NA,2,NA,Clinical|Genetics|Metabolomics|Phenomics|Protein|RNA
MSN,ENSG00000147065,X,2,agora,NA,5,NA,Genetics|Protein|RNA
MT-ND3,ENSG00000198840,NA,2,agora,NA,1,NA,Genetics|Protein|RNA
MTHFD1,ENSG00000100714,14,2,agora,NA,1,NA,Genetics|Metabolomics|Phenomics|Protein|RNA
MYO1D,ENSG00000176658,17,2,agora,NA,1,NA,Genetics|Protein|RNA
NBAS,ENSG00000151779,2,2,agora,NA,1,NA,Genetics|Protein|RNA
NDUFA13,ENSG00000186010,19,2,agora,NA,1,NA,Genetics|Protein|RNA
NDUFS3,ENSG00000213619,11,2,agora,NA,2,NA,Genetics|Protein|RNA
NDUFV1,ENSG00000167792,11,2,agora,NA,2,NA,Genetics|Protein|RNA
NGFR,ENSG00000064300,17,2,agora,NA,1,NA,Genetics|Protein|RNA
NLRC5,ENSG00000140853,16,2,agora,NA,2,NA,Genetics|Metabolomics|RNA
NPM3,ENSG00000107833,10,2,agora,NA,1,NA,Clinical|Genetics|Protein|RNA
NRN1,ENSG00000124785,6,2,agora,NA,4,NA,Clinical|Genetics|Protein|RNA
NRXN3,ENSG00000021645,14,2,agora|gwas_catalog,NA,2,NA,Genetics|Metabolomics|RNA
NSF,ENSG00000073969,17,2,agora,NA,1,NA,Genetics|Protein|RNA
NTRK2,ENSG00000148053,9,2,agora,NA,1,NA,Genetics|Phenomics|Protein|RNA
NUPR1,ENSG00000176046,16,2,agora,NA,1,NA,Clinical|Genetics|Protein|RNA
OLFM3,ENSG00000118733,1,2,agora,NA,2,NA,Genetics|Protein|RNA
PAK1,ENSG00000149269,11,2,agora,NA,3,NA,Genetics|Protein|RNA
PCM1,ENSG00000078674,8,2,agora,NA,1,NA,Genetics|Metabolomics|Phenomics|Protein|RNA
PDHA1,ENSG00000131828,X,2,agora,NA,3,NA,Clinical|Genetics|Protein|RNA
PDHB,ENSG00000168291,3,2,agora,NA,4,NA,Clinical|Genetics|Protein|RNA
PFKP,ENSG00000067057,10,2,agora,NA,1,NA,Genetics|Protein|RNA
PGM5,ENSG00000154330,9,2,agora,NA,1,NA,Genetics|Protein|RNA
PHYHD1,ENSG00000175287,9,2,agora,NA,1,NA,Genetics|Metabolomics|Phenomics|Protein|RNA
PICALM,ENSG00000073921,11,2,agora|gwas_catalog,NA,2,NA,Genetics|Metabolomics|RNA
PLEC,ENSG00000178209,8,2,agora|gwas_catalog,NA,5,NA,Clinical|Genetics|Protein
PLG,ENSG00000122194,6,2,agora,NA,1,NA,Genetics|Metabolomics|Phenomics|Protein|RNA
PLXNB1,ENSG00000164050,3,2,agora,NA,2,NA,Clinical|Genetics|Protein|RNA
POLR2G,ENSG00000168002,11,2,agora,NA,1,NA,Genetics|Metabolomics|Phenomics|Protein|RNA
PRDX1,ENSG00000117450,1,2,agora,NA,5,NA,Clinical|Genetics|Protein|RNA
PRDX6,ENSG00000117592,1,2,agora,NA,4,NA,Genetics|Protein|RNA
PREX1,ENSG00000124126,20,2,agora,NA,2,NA,Clinical|Genetics|Protein|RNA
PRPF31,ENSG00000105618,19,2,agora,NA,1,NA,Genetics|Protein|RNA
PSMC3,ENSG00000165916,11,2,agora|gwas_catalog,NA,1,NA,Genetics|Protein|RNA
PTPN6,ENSG00000111679,12,2,agora,NA,2,NA,Genetics|Protein|RNA
PTPRC,ENSG00000081237,1,2,agora,NA,2,NA,Genetics|Protein|RNA
PYGL,ENSG00000100504,14,2,agora,NA,1,NA,Genetics|Metabolomics|Phenomics|Protein|RNA
RAB27B,ENSG00000041353,18,2,agora,NA,2,NA,Genetics|Protein|RNA
RAB3A,ENSG00000105649,19,2,agora,NA,2,NA,Clinical|Genetics|Protein|RNA
RABEP1,ENSG00000029725,17,2,agora,NA,3,NA,Genetics|Metabolomics|Protein|RNA
RABEP2,ENSG00000177548,16,2,agora,NA,1,NA,Clinical|Genetics|Protein|RNA
RAPGEF2,ENSG00000109756,4,2,agora,NA,1,NA,Genetics|Protein|RNA
RHPN2,ENSG00000131941,19,2,agora|gwas_catalog,NA,1,NA,Genetics|Metabolomics|Phenomics|Protein|RNA
RPH3A,ENSG00000089169,12,2,agora,NA,4,NA,Clinical|Genetics|Protein
RTN1,ENSG00000139970,14,2,agora,NA,1,NA,Genetics|Protein|RNA
RUFY3,ENSG00000018189,4,2,agora,NA,3,NA,Genetics|Metabolomics|Protein|RNA
SCARA3,ENSG00000168077,8,2,agora|gwas_catalog,NA,2,NA,Genetics|Metabolomics|RNA
SCG3,ENSG00000104112,15,2,agora,NA,1,NA,Clinical|Genetics|Protein|RNA
SCRN2,ENSG00000141295,17,2,agora,NA,1,NA,Genetics|Metabolomics|Phenomics|Protein|RNA
SEMA3F,ENSG00000001617,3,2,agora,NA,1,NA,Clinical|Genetics|Protein|RNA
SEPTIN10,ENSG00000186522,2,2,agora,NA,1,NA,Genetics|Protein|RNA
SERPINI1,ENSG00000163536,3,2,agora,NA,1,NA,Genetics|Protein|RNA
SLC12A4,ENSG00000124067,16,2,agora,NA,1,NA,Genetics|Metabolomics|Phenomics|Protein|RNA
SLC22A23,ENSG00000137266,6,2,agora|gwas_catalog,NA,1,NA,Clinical|Genetics|Protein|RNA
SLC25A11,ENSG00000108528,17,2,agora,NA,3,NA,Clinical|Genetics|Protein|RNA
SLC25A19,ENSG00000125454,17,2,agora,NA,1,NA,Genetics|Protein|RNA
SLIT2,ENSG00000145147,4,2,agora,NA,3,NA,Genetics|Metabolomics|Protein
SLIT3,ENSG00000184347,5,2,agora,NA,2,NA,Genetics|Metabolomics|Protein
SPATA22,ENSG00000141255,17,2,agora,NA,1,NA,Genetics|Protein|RNA
SPCS1,ENSG00000114902,3,2,agora,NA,1,NA,Clinical|Genetics|Protein|RNA
SPTB,ENSG00000070182,14,2,agora,NA,1,NA,Genetics|Protein|RNA
STAU1,ENSG00000124214,20,2,agora|gwas_catalog,NA,1,NA,Clinical|Genetics|Protein|RNA
SULT1A3,ENSG00000261052,16,2,agora,NA,1,NA,Genetics|Protein|RNA
SUMF1,ENSG00000144455,3,2,agora|gwas_catalog,NA,1,NA,Genetics|Metabolomics|Phenomics|Protein|RNA
SV2B,ENSG00000185518,15,2,agora,NA,2,NA,Genetics|Protein|RNA
SYK,ENSG00000165025,9,2,agora,NA,3,NA,Genetics|Protein|RNA
SYN1,ENSG00000008056,X,2,agora,NA,1,NA,Genetics|Protein|RNA
SYNGR4,ENSG00000105467,19,2,agora,NA,1,NA,Genetics|Protein|RNA
SYT1,ENSG00000067715,12,2,agora,NA,3,NA,Genetics|Protein|RNA
SYT7,ENSG00000011347,11,2,agora,NA,2,NA,Genetics|Metabolomics|Phenomics|Protein|RNA
TAGLN3,ENSG00000144834,3,2,agora,NA,2,NA,Clinical|Genetics|Protein|RNA
TARDBP,ENSG00000120948,1,2,agora,NA,1,NA,Genetics|Protein|RNA
TKFC,ENSG00000149476,11,2,agora,NA,1,NA,Genetics|Metabolomics|Phenomics|Protein|RNA
TRIOBP,ENSG00000100106,22,2,agora,NA,1,NA,Clinical|Genetics|Protein|RNA
VGF,ENSG00000128564,7,2,agora,NA,4,NA,Clinical|Genetics|Protein|RNA
ACTR3C,ENSG00000106526,7,3,gwas_catalog,NA,NA,NA,NA
ADAM10,ENSG00000137845,15,3,gwas_catalog,NA,NA,NA,NA
ADAMTS17,ENSG00000140470,15,3,gwas_catalog,NA,NA,NA,NA
ADAMTS2,ENSG00000087116,5,3,gwas_catalog,NA,NA,NA,NA
ADAMTS20,ENSG00000173157,12,3,gwas_catalog,NA,NA,NA,NA
ADARB2,ENSG00000185736,10,3,gwas_catalog,NA,NA,NA,NA
ADGRF2P,ENSG00000164393,6,3,gwas_catalog,NA,NA,NA,NA
ADGRL2,ENSG00000117114,1,3,gwas_catalog,NA,NA,NA,NA
AFF1,ENSG00000172493,4,3,gwas_catalog,NA,NA,NA,NA
AFF3,ENSG00000144218,2,3,gwas_catalog,NA,NA,NA,NA
AGAP1,ENSG00000157985,2,3,gwas_catalog,NA,NA,NA,NA
AHNAK,ENSG00000124942,11,3,gwas_catalog,NA,NA,NA,NA
AIDAP3,ENSG00000264189,18,3,gwas_catalog,NA,NA,NA,NA
AKAP6,ENSG00000151320,14,3,gwas_catalog,NA,NA,NA,NA
ALCAM,ENSG00000170017,3,3,gwas_catalog,NA,NA,NA,NA
ALDH1A2,ENSG00000128918,15,3,gwas_catalog,NA,NA,NA,NA
AMPH,ENSG00000078053,7,3,gwas_catalog,NA,NA,NA,NA
ANAPC1,ENSG00000153107,2,3,gwas_catalog,NA,NA,NA,NA
ANO1,ENSG00000131620,11,3,gwas_catalog,NA,NA,NA,NA
ANO3,ENSG00000134343,11,3,gwas_catalog,NA,NA,NA,NA
ANTXR1,ENSG00000169604,2,3,gwas_catalog,NA,NA,NA,NA
APOC1P1,ENSG00000214855,19,3,gwas_catalog,NA,NA,NA,NA
APOC2,ENSG00000234906,19,3,gwas_catalog,NA,NA,NA,NA
APOC4,ENSG00000267467,19,3,gwas_catalog,NA,NA,NA,NA
APOC4-APOC2,ENSG00000224916,19,3,gwas_catalog,NA,NA,NA,NA
ARFGEF1-DT,ENSG00000271966,8,3,gwas_catalog,NA,NA,NA,NA
ARFGEF2,ENSG00000124198,20,3,gwas_catalog,NA,NA,NA,NA
ARHGAP16P,ENSG00000258894,14,3,gwas_catalog,NA,NA,NA,NA
ARHGAP45,ENSG00000180448,19,3,gwas_catalog,NA,NA,NA,NA
ARID4B,ENSG00000054267,1,3,gwas_catalog,NA,NA,NA,NA
ARIH2,ENSG00000177479,3,3,gwas_catalog,NA,NA,NA,NA
ARL17B,ENSG00000228696,17,3,gwas_catalog,NA,NA,NA,NA
ARMH3,ENSG00000120029,10,3,gwas_catalog,NA,NA,NA,NA
ASB3,ENSG00000115239,2,3,gwas_catalog,NA,NA,NA,NA
ASTN2,ENSG00000148219,9,3,gwas_catalog,NA,NA,NA,NA
ATOSA,ENSG00000047346,15,3,gwas_catalog,NA,NA,NA,NA
ATP6V0E2,ENSG00000171130,7,3,gwas_catalog,NA,NA,NA,NA
B3GNTL1P2,ENSG00000271328,6,3,gwas_catalog,NA,NA,NA,NA
BANK1,ENSG00000153064,4,3,gwas_catalog,NA,NA,NA,NA
BCAM,ENSG00000187244,19,3,gwas_catalog,NA,NA,NA,NA
BCAR3,ENSG00000137936,1,3,gwas_catalog,NA,NA,NA,NA
BCL10-AS1,ENSG00000223653,1,3,gwas_catalog,NA,NA,NA,NA
BCL3,ENSG00000069399,19,3,gwas_catalog,NA,NA,NA,NA
BLOC1S3,ENSG00000189114,19,3,gwas_catalog,NA,NA,NA,NA
BMPR1AP2,ENSG00000232460,11,3,gwas_catalog,NA,NA,NA,NA
BORCS5,ENSG00000165714,12,3,gwas_catalog,NA,NA,NA,NA
BTNL2,ENSG00000204290,6,3,gwas_catalog,NA,NA,NA,NA
C12orf42,ENSG00000179088,12,3,gwas_catalog,NA,NA,NA,NA
C21orf91-OT1,ENSG00000240770,21,3,gwas_catalog,NA,NA,NA,NA
CABLES1,ENSG00000134508,18,3,gwas_catalog,NA,NA,NA,NA
CACNA2D3,ENSG00000157445,3,3,gwas_catalog,NA,NA,NA,NA
CADM2,ENSG00000175161,3,3,gwas_catalog,NA,NA,NA,NA
CAMK1D,ENSG00000183049,10,3,gwas_catalog,NA,NA,NA,NA
CARM1LP,ENSG00000227835,9,3,gwas_catalog,NA,NA,NA,NA
CARS1P2,ENSG00000253756,8,3,gwas_catalog,NA,NA,NA,NA
CASTOR3P,ENSG00000239521,7,3,gwas_catalog,NA,NA,NA,NA
CBLC,ENSG00000142273,19,3,gwas_catalog,NA,NA,NA,NA
CCDC91,ENSG00000123106,12,3,gwas_catalog,NA,NA,NA,NA
CD2AP-DT,ENSG00000270761,6,3,gwas_catalog,NA,NA,NA,NA
CD33,ENSG00000105383,19,3,gwas_catalog,NA,NA,NA,NA
CDC42EP3-AS1,ENSG00000236213,2,3,gwas_catalog,NA,NA,NA,NA
CDCA7,ENSG00000144354,2,3,gwas_catalog,NA,NA,NA,NA
CDCA7P2,ENSG00000235707,9,3,gwas_catalog,NA,NA,NA,NA
CDH13,ENSG00000140945,16,3,gwas_catalog,NA,NA,NA,NA
CDH4,ENSG00000179242,20,3,gwas_catalog,NA,NA,NA,NA
CDH7,ENSG00000081138,18,3,gwas_catalog,NA,NA,NA,NA
CDKAL1,ENSG00000145996,6,3,gwas_catalog,NA,NA,NA,NA
CEACAM16-AS1,ENSG00000266903,19,3,gwas_catalog,NA,NA,NA,NA
CEACAM19,ENSG00000186567,19,3,gwas_catalog,NA,NA,NA,NA
CEACAM20,ENSG00000273777,19,3,gwas_catalog,NA,NA,NA,NA
CEACAM22P,ENSG00000230666,19,3,gwas_catalog,NA,NA,NA,NA
CFAP46,ENSG00000171811,10,3,gwas_catalog,NA,NA,NA,NA
CHID1,ENSG00000177830,11,3,gwas_catalog,NA,NA,NA,NA
CHRM3,ENSG00000133019,1,3,gwas_catalog,NA,NA,NA,NA
CHRNA2,ENSG00000120903,8,3,gwas_catalog,NA,NA,NA,NA
CHRNE,ENSG00000108556,17,3,gwas_catalog,NA,NA,NA,NA
CHST10,ENSG00000115526,2,3,gwas_catalog,NA,NA,NA,NA
CHST12,ENSG00000136213,7,3,gwas_catalog,NA,NA,NA,NA
CICP17,ENSG00000227233,7,3,gwas_catalog,NA,NA,NA,NA
CKAP5,ENSG00000175216,11,3,gwas_catalog,NA,NA,NA,NA
CKM,ENSG00000104879,19,3,gwas_catalog,NA,NA,NA,NA
CLASRP,ENSG00000104859,19,3,gwas_catalog,NA,NA,NA,NA
CLPTM1,ENSG00000104853,19,3,gwas_catalog,NA,NA,NA,NA
CLYBL,ENSG00000125246,13,3,gwas_catalog,NA,NA,NA,NA
CNGB1,ENSG00000070729,16,3,gwas_catalog,NA,NA,NA,NA
CNN2,ENSG00000064666,19,3,gwas_catalog,NA,NA,NA,NA
CNN3-DT,ENSG00000235501,1,3,gwas_catalog,NA,NA,NA,NA
CNTNAP2,ENSG00000174469,7,3,gwas_catalog,NA,NA,NA,NA
CNTNAP5-DT,ENSG00000228400,2,3,gwas_catalog,NA,NA,NA,NA
COL25A1,ENSG00000188517,4,3,gwas_catalog,NA,NA,NA,NA
COL6A3,ENSG00000163359,2,3,gwas_catalog,NA,NA,NA,NA
COLQ,ENSG00000206561,3,3,gwas_catalog,NA,NA,NA,NA
CPAMD8P1,ENSG00000197320,7,3,gwas_catalog,NA,NA,NA,NA
CR1-AS1,ENSG00000236911,1,3,gwas_catalog,NA,NA,NA,NA
CR1L,ENSG00000197721,1,3,gwas_catalog,NA,NA,NA,NA
CSPG4BP,ENSG00000232517,5,3,gwas_catalog,NA,NA,NA,NA
CST4,ENSG00000101441,20,3,gwas_catalog,NA,NA,NA,NA
CTNNA2,ENSG00000066032,2,3,gwas_catalog,NA,NA,NA,NA
CTNND2,ENSG00000169862,5,3,gwas_catalog,NA,NA,NA,NA
CUL3,ENSG00000036257,2,3,gwas_catalog,NA,NA,NA,NA
CYB561,ENSG00000008283,17,3,gwas_catalog,NA,NA,NA,NA
CYCS,ENSG00000172115,7,3,gwas_catalog,NA,NA,NA,NA
CYLC2,ENSG00000155833,9,3,gwas_catalog,NA,NA,NA,NA
CYP4F44P,ENSG00000253748,8,3,gwas_catalog,NA,NA,NA,NA
CYRIA,ENSG00000197872,2,3,gwas_catalog,NA,NA,NA,NA
CYYR1,ENSG00000166265,21,3,gwas_catalog,NA,NA,NA,NA
CYYR1-AS1,ENSG00000197934,21,3,gwas_catalog,NA,NA,NA,NA
DAB1,ENSG00000173406,1,3,gwas_catalog,NA,NA,NA,NA
DACH2,ENSG00000126733,X,3,gwas_catalog,NA,NA,NA,NA
DCC,ENSG00000187323,18,3,gwas_catalog,NA,NA,NA,NA
DCHS2,ENSG00000197410,4,3,gwas_catalog,NA,NA,NA,NA
DEDD,ENSG00000158796,1,3,gwas_catalog,NA,NA,NA,NA
DGKI,ENSG00000157680,7,3,gwas_catalog,NA,NA,NA,NA
DLG2,ENSG00000150672,11,3,gwas_catalog,NA,NA,NA,NA
DNAAF11P1,ENSG00000254784,11,3,gwas_catalog,NA,NA,NA,NA
DOCK1,ENSG00000150760,10,3,gwas_catalog,NA,NA,NA,NA
DOCK3,ENSG00000088538,3,3,gwas_catalog,NA,NA,NA,NA
DOCK4,ENSG00000128512,7,3,gwas_catalog,NA,NA,NA,NA
DSCAM,ENSG00000171587,21,3,gwas_catalog,NA,NA,NA,NA
DSCAML1,ENSG00000177103,11,3,gwas_catalog,NA,NA,NA,NA
DSG2,ENSG00000046604,18,3,gwas_catalog,NA,NA,NA,NA
DSTNP5,ENSG00000236681,2,3,gwas_catalog,NA,NA,NA,NA
DYSF,ENSG00000135636,2,3,gwas_catalog,NA,NA,NA,NA
ECHDC3,ENSG00000134463,10,3,gwas_catalog,NA,NA,NA,NA
EDIL3-DT,ENSG00000250320,5,3,gwas_catalog,NA,NA,NA,NA
EEF1A1P17,ENSG00000257907,12,3,gwas_catalog,NA,NA,NA,NA
EFL1,ENSG00000140598,15,3,gwas_catalog,NA,NA,NA,NA
EFNA5,ENSG00000184349,5,3,gwas_catalog,NA,NA,NA,NA
EGFLAM,ENSG00000164318,5,3,gwas_catalog,NA,NA,NA,NA
EGFR,ENSG00000146648,7,3,gwas_catalog,NA,NA,NA,NA
EGLN3,ENSG00000129521,14,3,gwas_catalog,NA,NA,NA,NA
ELOVL3,ENSG00000119915,10,3,gwas_catalog,NA,NA,NA,NA
ENOPH1,ENSG00000145293,4,3,gwas_catalog,NA,NA,NA,NA
EPHA1-AS1,ENSG00000229153,7,3,gwas_catalog,NA,NA,NA,NA
EPHB1,ENSG00000154928,3,3,gwas_catalog,NA,NA,NA,NA
EPS15P1,ENSG00000242948,7,3,gwas_catalog,NA,NA,NA,NA
ERBB4,ENSG00000178568,2,3,gwas_catalog,NA,NA,NA,NA
ETV1,ENSG00000006468,7,3,gwas_catalog,NA,NA,NA,NA
EXOC3L2,ENSG00000283632,19,3,gwas_catalog,NA,NA,NA,NA
EXOC4,ENSG00000131558,7,3,gwas_catalog,NA,NA,NA,NA
EZRP1,ENSG00000243635,3,3,gwas_catalog,NA,NA,NA,NA
FABP6,ENSG00000170231,5,3,gwas_catalog,NA,NA,NA,NA
FAM135B,ENSG00000147724,8,3,gwas_catalog,NA,NA,NA,NA
FAM157C,ENSG00000260528,16,3,gwas_catalog,NA,NA,NA,NA
FAM228B,ENSG00000219626,2,3,gwas_catalog,NA,NA,NA,NA
FAM240B,ENSG00000283329,9,3,gwas_catalog,NA,NA,NA,NA
FANCD2,ENSG00000144554,3,3,gwas_catalog,NA,NA,NA,NA
FANCD2OS,ENSG00000163705,3,3,gwas_catalog,NA,NA,NA,NA
FAR2,ENSG00000064763,12,3,gwas_catalog,NA,NA,NA,NA
FARP1,ENSG00000152767,13,3,gwas_catalog,NA,NA,NA,NA
FBP1,ENSG00000165140,9,3,gwas_catalog,NA,NA,NA,NA
FBXL7,ENSG00000183580,5,3,gwas_catalog,NA,NA,NA,NA
FBXO32,ENSG00000156804,8,3,gwas_catalog,NA,NA,NA,NA
FBXO40,ENSG00000163833,3,3,gwas_catalog,NA,NA,NA,NA
FBXW10,ENSG00000171931,17,3,gwas_catalog,NA,NA,NA,NA
FENDRR,ENSG00000268388,16,3,gwas_catalog,NA,NA,NA,NA
FLNB,ENSG00000136068,3,3,gwas_catalog,NA,NA,NA,NA
FOXP2,ENSG00000128573,7,3,gwas_catalog,NA,NA,NA,NA
FOXP4-AS1,ENSG00000234753,6,3,gwas_catalog,NA,NA,NA,NA
FRMD4B,ENSG00000114541,3,3,gwas_catalog,NA,NA,NA,NA
FSTL5,ENSG00000168843,4,3,gwas_catalog,NA,NA,NA,NA
FTH1P5,ENSG00000230204,6,3,gwas_catalog,NA,NA,NA,NA
FUT2,ENSG00000176920,19,3,gwas_catalog,NA,NA,NA,NA
GABRG3,ENSG00000182256,15,3,gwas_catalog,NA,NA,NA,NA
GALNT15,ENSG00000131386,3,3,gwas_catalog,NA,NA,NA,NA
GATAD2A,ENSG00000167491,19,3,gwas_catalog,NA,NA,NA,NA
GDI2P1,ENSG00000229165,7,3,gwas_catalog,NA,NA,NA,NA
GEMIN7,ENSG00000142252,19,3,gwas_catalog,NA,NA,NA,NA
GEMIN7-AS1,ENSG00000267348,19,3,gwas_catalog,NA,NA,NA,NA
GMNC,ENSG00000205835,3,3,gwas_catalog,NA,NA,NA,NA
GNPNAT1,ENSG00000100522,14,3,gwas_catalog,NA,NA,NA,NA
GPC6,ENSG00000183098,13,3,gwas_catalog,NA,NA,NA,NA
GPR141,ENSG00000187037,7,3,gwas_catalog,NA,NA,NA,NA
GRIK2,ENSG00000164418,6,3,gwas_catalog,NA,NA,NA,NA
GRIN3B,ENSG00000116032,19,3,gwas_catalog,NA,NA,NA,NA
GRK5,ENSG00000198873,10,3,gwas_catalog,NA,NA,NA,NA
GRM8,ENSG00000179603,7,3,gwas_catalog,NA,NA,NA,NA
GSTM5P1,ENSG00000236062,3,3,gwas_catalog,NA,NA,NA,NA
GUSBP18,ENSG00000215158,5,3,gwas_catalog,NA,NA,NA,NA
GYG1P2,ENSG00000237099,13,3,gwas_catalog,NA,NA,NA,NA
H3C9P,ENSG00000220875,6,3,gwas_catalog,NA,NA,NA,NA
H4C8,ENSG00000158406,6,3,gwas_catalog,NA,NA,NA,NA
HACL1,ENSG00000131373,3,3,gwas_catalog,NA,NA,NA,NA
HBEGF,ENSG00000113070,5,3,gwas_catalog,NA,NA,NA,NA
HCN1,ENSG00000164588,5,3,gwas_catalog,NA,NA,NA,NA
HDAC2-AS2,ENSG00000228624,6,3,gwas_catalog,NA,NA,NA,NA
HDAC9,ENSG00000048052,7,3,gwas_catalog,NA,NA,NA,NA
HIGD1AP3,ENSG00000248929,5,3,gwas_catalog,NA,NA,NA,NA
HLA-DQB3,ENSG00000226030,6,3,gwas_catalog,NA,NA,NA,NA
HLA-DRA,ENSG00000204287,6,3,gwas_catalog,NA,NA,NA,NA
HLA-DRB1,ENSG00000196126,6,3,gwas_catalog,NA,NA,NA,NA
HLA-DRB5,ENSG00000198502,6,3,gwas_catalog,NA,NA,NA,NA
HLA-DRB9,ENSG00000196301,6,3,gwas_catalog,NA,NA,NA,NA
HMGB3P3,ENSG00000250730,5,3,gwas_catalog,NA,NA,NA,NA
HMGN1P19,ENSG00000224519,7,3,gwas_catalog,NA,NA,NA,NA
HNRNPA1P61,ENSG00000187999,2,3,gwas_catalog,NA,NA,NA,NA
HNRNPKP3,ENSG00000293312,11,3,gwas_catalog,NA,NA,NA,NA
HS3ST1,ENSG00000002587,4,3,gwas_catalog,NA,NA,NA,NA
HSPA5P1,ENSG00000215895,1,3,gwas_catalog,NA,NA,NA,NA
HSPA8P13,ENSG00000253425,8,3,gwas_catalog,NA,NA,NA,NA
ICE1,ENSG00000164151,5,3,gwas_catalog,NA,NA,NA,NA
ICOS,ENSG00000163600,2,3,gwas_catalog,NA,NA,NA,NA
IGHEP1,ENSG00000253692,14,3,gwas_catalog,NA,NA,NA,NA
IGHG1,ENSG00000211896,14,3,gwas_catalog,NA,NA,NA,NA
IGHG3,ENSG00000211897,14,3,gwas_catalog,NA,NA,NA,NA
IGHV3-64,ENSG00000223648,14,3,gwas_catalog,NA,NA,NA,NA
IGHV3-65,ENSG00000253209,14,3,gwas_catalog,NA,NA,NA,NA
IGSF11,ENSG00000144847,3,3,gwas_catalog,NA,NA,NA,NA
IGSF23,ENSG00000216588,19,3,gwas_catalog,NA,NA,NA,NA
IMMP2L,ENSG00000184903,7,3,gwas_catalog,NA,NA,NA,NA
IMPDH1P8,ENSG00000224728,3,3,gwas_catalog,NA,NA,NA,NA
IPO7,ENSG00000205339,11,3,gwas_catalog,NA,NA,NA,NA
IPPKP1,ENSG00000225585,13,3,gwas_catalog,NA,NA,NA,NA
IQCK,ENSG00000174628,16,3,gwas_catalog,NA,NA,NA,NA
IQGAP2,ENSG00000145703,5,3,gwas_catalog,NA,NA,NA,NA
KAZN,ENSG00000189337,1,3,gwas_catalog,NA,NA,NA,NA
KCNH1,ENSG00000143473,1,3,gwas_catalog,NA,NA,NA,NA
KCNN2,ENSG00000080709,5,3,gwas_catalog,NA,NA,NA,NA
KCTD9P6,ENSG00000229211,8,3,gwas_catalog,NA,NA,NA,NA
KLHL29,ENSG00000119771,2,3,gwas_catalog,NA,NA,NA,NA
KRAS,ENSG00000133703,12,3,gwas_catalog,NA,NA,NA,NA
KRT18P16,ENSG00000235275,5,3,gwas_catalog,NA,NA,NA,NA
LCORL,ENSG00000178177,4,3,gwas_catalog,NA,NA,NA,NA
LDHBP3,ENSG00000248950,5,3,gwas_catalog,NA,NA,NA,NA
LILRA5,ENSG00000187116,19,3,gwas_catalog,NA,NA,NA,NA
LIN9,ENSG00000183814,1,3,gwas_catalog,NA,NA,NA,NA
LINC00290,ENSG00000248197,4,3,gwas_catalog,NA,NA,NA,NA
LINC00470,ENSG00000132204,18,3,gwas_catalog,NA,NA,NA,NA
LINC00583,ENSG00000205636,9,3,gwas_catalog,NA,NA,NA,NA
LINC00686,ENSG00000237687,20,3,gwas_catalog,NA,NA,NA,NA
LINC00917,ENSG00000168367,16,3,gwas_catalog,NA,NA,NA,NA
LINC00923,ENSG00000251209,15,3,gwas_catalog,NA,NA,NA,NA
LINC00971,ENSG00000242641,3,3,gwas_catalog,NA,NA,NA,NA
LINC01018,ENSG00000250056,5,3,gwas_catalog,NA,NA,NA,NA
LINC01104,ENSG00000232084,2,3,gwas_catalog,NA,NA,NA,NA
LINC01170,ENSG00000253807,5,3,gwas_catalog,NA,NA,NA,NA
LINC01235,ENSG00000270547,9,3,gwas_catalog,NA,NA,NA,NA
LINC01247,ENSG00000227007,2,3,gwas_catalog,NA,NA,NA,NA
LINC01250,ENSG00000234423,2,3,gwas_catalog,NA,NA,NA,NA
LINC01254,ENSG00000260913,18,3,gwas_catalog,NA,NA,NA,NA
LINC01320,ENSG00000228262,2,3,gwas_catalog,NA,NA,NA,NA
LINC01377,ENSG00000249808,5,3,gwas_catalog,NA,NA,NA,NA
LINC01471,ENSG00000239921,3,3,gwas_catalog,NA,NA,NA,NA
LINC01479,ENSG00000255772,12,3,gwas_catalog,NA,NA,NA,NA
LINC01553,ENSG00000235931,10,3,gwas_catalog,NA,NA,NA,NA
LINC01648,ENSG00000233399,1,3,gwas_catalog,NA,NA,NA,NA
LINC01684,ENSG00000237484,21,3,gwas_catalog,NA,NA,NA,NA
LINC01718,ENSG00000229606,20,3,gwas_catalog,NA,NA,NA,NA
LINC01725,ENSG00000233008,1,3,gwas_catalog,NA,NA,NA,NA
LINC01756,ENSG00000230523,1,3,gwas_catalog,NA,NA,NA,NA
LINC01774,ENSG00000236950,1,3,gwas_catalog,NA,NA,NA,NA
LINC01789,ENSG00000229457,2,3,gwas_catalog,NA,NA,NA,NA
LINC01824,ENSG00000226488,2,3,gwas_catalog,NA,NA,NA,NA
LINC01866,ENSG00000237670,2,3,gwas_catalog,NA,NA,NA,NA
LINC01897,ENSG00000267209,18,3,gwas_catalog,NA,NA,NA,NA
LINC01916,ENSG00000264232,18,3,gwas_catalog,NA,NA,NA,NA
LINC01924,ENSG00000267134,18,3,gwas_catalog,NA,NA,NA,NA
LINC01982,ENSG00000263317,17,3,gwas_catalog,NA,NA,NA,NA
LINC02059,ENSG00000250544,5,3,gwas_catalog,NA,NA,NA,NA
LINC02063,ENSG00000250921,5,3,gwas_catalog,NA,NA,NA,NA
LINC02101,ENSG00000248132,5,3,gwas_catalog,NA,NA,NA,NA
LINC02103,ENSG00000249785,5,3,gwas_catalog,NA,NA,NA,NA
LINC02114,ENSG00000249521,5,3,gwas_catalog,NA,NA,NA,NA
LINC02152,ENSG00000261319,16,3,gwas_catalog,NA,NA,NA,NA
LINC02165,ENSG00000261014,16,3,gwas_catalog,NA,NA,NA,NA
LINC02177,ENSG00000261617,16,3,gwas_catalog,NA,NA,NA,NA
LINC02210-CRHR1,ENSG00000263715,17,3,gwas_catalog,NA,NA,NA,NA
LINC02211,ENSG00000245662,5,3,gwas_catalog,NA,NA,NA,NA
LINC02245,ENSG00000237638,2,3,gwas_catalog,NA,NA,NA,NA
LINC02253,ENSG00000259485,15,3,gwas_catalog,NA,NA,NA,NA
LINC02299,ENSG00000258979,14,3,gwas_catalog,NA,NA,NA,NA
LINC02307,ENSG00000258969,14,3,gwas_catalog,NA,NA,NA,NA
LINC02335,ENSG00000278630,13,3,gwas_catalog,NA,NA,NA,NA
LINC02360,ENSG00000248300,4,3,gwas_catalog,NA,NA,NA,NA
LINC02421,ENSG00000255970,12,3,gwas_catalog,NA,NA,NA,NA
LINC02466,ENSG00000246876,4,3,gwas_catalog,NA,NA,NA,NA
LINC02498,ENSG00000283083,4,3,gwas_catalog,NA,NA,NA,NA
LINC02553,ENSG00000255039,11,3,gwas_catalog,NA,NA,NA,NA
LINC02645,ENSG00000234170,10,3,gwas_catalog,NA,NA,NA,NA
LINC02667,ENSG00000224190,10,3,gwas_catalog,NA,NA,NA,NA
LINC02670,ENSG00000224788,10,3,gwas_catalog,NA,NA,NA,NA
LINC02695,ENSG00000254699,11,3,gwas_catalog,NA,NA,NA,NA
LINC02705,ENSG00000254952,11,3,gwas_catalog,NA,NA,NA,NA
LINC02715,ENSG00000254659,11,3,gwas_catalog,NA,NA,NA,NA
LINC02748,ENSG00000255187,11,3,gwas_catalog,NA,NA,NA,NA
LINC02782,ENSG00000231510,1,3,gwas_catalog,NA,NA,NA,NA
LINC02790,ENSG00000237435,1,3,gwas_catalog,NA,NA,NA,NA
LINC02814,ENSG00000236975,1,3,gwas_catalog,NA,NA,NA,NA
LINC02838,ENSG00000285536,7,3,gwas_catalog,NA,NA,NA,NA
LINC02852,ENSG00000285866,15,3,gwas_catalog,NA,NA,NA,NA
LINC02879,NA,18,3,gwas_catalog,NA,NA,NA,NA
LINC02914,ENSG00000176605,14,3,gwas_catalog,NA,NA,NA,NA
LINC02923,ENSG00000235497,2,3,gwas_catalog,NA,NA,NA,NA
LINC02934,ENSG00000204929,2,3,gwas_catalog,NA,NA,NA,NA
LINC02991,ENSG00000196758,2,3,gwas_catalog,NA,NA,NA,NA
LINC03022,ENSG00000253641,8,3,gwas_catalog,NA,NA,NA,NA
LINC03070,ENSG00000236120,X,3,gwas_catalog,NA,NA,NA,NA
LINC03122,ENSG00000178722,5,3,gwas_catalog,NA,NA,NA,NA
LINGO1,ENSG00000169783,15,3,gwas_catalog,NA,NA,NA,NA
LINGO2,ENSG00000174482,9,3,gwas_catalog,NA,NA,NA,NA
LMX1A,ENSG00000162761,1,3,gwas_catalog,NA,NA,NA,NA
LNCOB1,ENSG00000267282,19,3,gwas_catalog,NA,NA,NA,NA
LRFN2,ENSG00000156564,6,3,gwas_catalog,NA,NA,NA,NA
LRP1B,ENSG00000168702,2,3,gwas_catalog,NA,NA,NA,NA
LRRC4C,ENSG00000148948,11,3,gwas_catalog,NA,NA,NA,NA
LSAMP,ENSG00000185565,3,3,gwas_catalog,NA,NA,NA,NA
LSINCT5,ENSG00000281560,5,3,gwas_catalog,NA,NA,NA,NA
LTBP1,ENSG00000049323,2,3,gwas_catalog,NA,NA,NA,NA
LUZP2,ENSG00000187398,11,3,gwas_catalog,NA,NA,NA,NA
MACROD2,ENSG00000172264,20,3,gwas_catalog,NA,NA,NA,NA
MAD1L1,ENSG00000002822,7,3,gwas_catalog,NA,NA,NA,NA
MAGI2,ENSG00000187391,7,3,gwas_catalog,NA,NA,NA,NA
MAMSTR,ENSG00000176909,19,3,gwas_catalog,NA,NA,NA,NA
MAP4K4,ENSG00000071054,2,3,gwas_catalog,NA,NA,NA,NA
MAPRE1P2,ENSG00000250076,4,3,gwas_catalog,NA,NA,NA,NA
MARK4,ENSG00000007047,19,3,gwas_catalog,NA,NA,NA,NA
MCTP2,ENSG00000140563,15,3,gwas_catalog,NA,NA,NA,NA
MECOM,ENSG00000085276,3,3,gwas_catalog,NA,NA,NA,NA
MEF2C-AS1,ENSG00000248309,5,3,gwas_catalog,NA,NA,NA,NA
MEIOSIN,ENSG00000237452,19,3,gwas_catalog,NA,NA,NA,NA
MGMT,ENSG00000170430,10,3,gwas_catalog,NA,NA,NA,NA
MINDY2-DT,ENSG00000245975,15,3,gwas_catalog,NA,NA,NA,NA
MIR142HG,ENSG00000265206,17,3,gwas_catalog,NA,NA,NA,NA
MIR2113,ENSG00000238367,6,3,gwas_catalog,NA,NA,NA,NA
MIR4280HG,ENSG00000233828,5,3,gwas_catalog,NA,NA,NA,NA
MIR4431,ENSG00000264975,2,3,gwas_catalog,NA,NA,NA,NA
MIR4432HG,ENSG00000228590,2,3,gwas_catalog,NA,NA,NA,NA
MIR4527HG,ENSG00000267761,18,3,gwas_catalog,NA,NA,NA,NA
MIR4689,ENSG00000264101,1,3,gwas_catalog,NA,NA,NA,NA
MIR548H4,ENSG00000221616,8,3,gwas_catalog,NA,NA,NA,NA
MIR572,ENSG00000207716,4,3,gwas_catalog,NA,NA,NA,NA
MIR646HG,ENSG00000228340,20,3,gwas_catalog,NA,NA,NA,NA
MLLT3,ENSG00000171843,9,3,gwas_catalog,NA,NA,NA,NA
MLPH,ENSG00000115648,2,3,gwas_catalog,NA,NA,NA,NA
MMP12,ENSG00000262406,11,3,gwas_catalog,NA,NA,NA,NA
MMP3,ENSG00000149968,11,3,gwas_catalog,NA,NA,NA,NA
MPDZ,ENSG00000107186,9,3,gwas_catalog,NA,NA,NA,NA
MROH1,ENSG00000179832,8,3,gwas_catalog,NA,NA,NA,NA
MRPL50P1,ENSG00000234587,2,3,gwas_catalog,NA,NA,NA,NA
MS4A2,ENSG00000149534,11,3,gwas_catalog,NA,NA,NA,NA
MS4A3,ENSG00000149516,11,3,gwas_catalog,NA,NA,NA,NA
MS4A6A,ENSG00000110077,11,3,gwas_catalog,NA,NA,NA,NA
MS4A6E,ENSG00000166926,11,3,gwas_catalog,NA,NA,NA,NA
MSR1,ENSG00000038945,8,3,gwas_catalog,NA,NA,NA,NA
MSRA,ENSG00000175806,8,3,gwas_catalog,NA,NA,NA,NA
MTARC2P1,ENSG00000232958,3,3,gwas_catalog,NA,NA,NA,NA
MTCO3P1,ENSG00000235040,6,3,gwas_catalog,NA,NA,NA,NA
MTMR2,ENSG00000087053,11,3,gwas_catalog,NA,NA,NA,NA
MYO16,ENSG00000041515,13,3,gwas_catalog,NA,NA,NA,NA
Metazoa_SRP,NA,NA,3,gwas_catalog,NA,NA,NA,NA
NAALADL2,ENSG00000177694,3,3,gwas_catalog,NA,NA,NA,NA
NCKAP5,ENSG00000176771,2,3,gwas_catalog,NA,NA,NA,NA
NCR2,ENSG00000096264,6,3,gwas_catalog,NA,NA,NA,NA
NDST4,ENSG00000138653,4,3,gwas_catalog,NA,NA,NA,NA
NDUFA10,ENSG00000130414,2,3,gwas_catalog,NA,NA,NA,NA
NDUFAF6,ENSG00000156170,8,3,gwas_catalog,NA,NA,NA,NA
NDUFB5P1,ENSG00000251025,4,3,gwas_catalog,NA,NA,NA,NA
NECAB1,ENSG00000123119,8,3,gwas_catalog,NA,NA,NA,NA
NECTIN2,ENSG00000130202,19,3,gwas_catalog,NA,NA,NA,NA
NEGR1,ENSG00000172260,1,3,gwas_catalog,NA,NA,NA,NA
NFIC,ENSG00000141905,19,3,gwas_catalog,NA,NA,NA,NA
NGF-AS1,ENSG00000228035,1,3,gwas_catalog,NA,NA,NA,NA
NIFKP9,ENSG00000237630,2,3,gwas_catalog,NA,NA,NA,NA
NIHCOLE,ENSG00000251026,5,3,gwas_catalog,NA,NA,NA,NA
NKAIN2,ENSG00000188580,6,3,gwas_catalog,NA,NA,NA,NA
NKPD1,ENSG00000179846,19,3,gwas_catalog,NA,NA,NA,NA
NME8,ENSG00000086288,7,3,gwas_catalog,NA,NA,NA,NA
NOTCH1,ENSG00000148400,9,3,gwas_catalog,NA,NA,NA,NA
NPY,ENSG00000122585,7,3,gwas_catalog,NA,NA,NA,NA
NRXN1,ENSG00000179915,2,3,gwas_catalog,NA,NA,NA,NA
NRXN1-DT,ENSG00000231918,2,3,gwas_catalog,NA,NA,NA,NA
NTM,ENSG00000182667,11,3,gwas_catalog,NA,NA,NA,NA
NUDT12,ENSG00000112874,5,3,gwas_catalog,NA,NA,NA,NA
OARD1,ENSG00000124596,6,3,gwas_catalog,NA,NA,NA,NA
OBI1-AS1,ENSG00000234377,13,3,gwas_catalog,NA,NA,NA,NA
OCSTAMP,ENSG00000149635,20,3,gwas_catalog,NA,NA,NA,NA
OGA,ENSG00000198408,10,3,gwas_catalog,NA,NA,NA,NA
OSBP2,ENSG00000184792,22,3,gwas_catalog,NA,NA,NA,NA
OSTN,ENSG00000188729,3,3,gwas_catalog,NA,NA,NA,NA
OTOL1,ENSG00000182447,3,3,gwas_catalog,NA,NA,NA,NA
OTX2P1,ENSG00000234644,9,3,gwas_catalog,NA,NA,NA,NA
PAK2,ENSG00000180370,3,3,gwas_catalog,NA,NA,NA,NA
PCBP2P3,ENSG00000248826,5,3,gwas_catalog,NA,NA,NA,NA
PCSK5,ENSG00000099139,9,3,gwas_catalog,NA,NA,NA,NA
PDE10A,ENSG00000112541,6,3,gwas_catalog,NA,NA,NA,NA
PDE4D,ENSG00000113448,5,3,gwas_catalog,NA,NA,NA,NA
PDS5B,ENSG00000083642,13,3,gwas_catalog,NA,NA,NA,NA
PDZD2,ENSG00000133401,5,3,gwas_catalog,NA,NA,NA,NA
PER3P1,ENSG00000271077,7,3,gwas_catalog,NA,NA,NA,NA
PFDN1,ENSG00000113068,5,3,gwas_catalog,NA,NA,NA,NA
PFKP-DT,ENSG00000273001,10,3,gwas_catalog,NA,NA,NA,NA
PILRA,ENSG00000085514,7,3,gwas_catalog,NA,NA,NA,NA
PIWIL1,ENSG00000125207,12,3,gwas_catalog,NA,NA,NA,NA
PLCL1,ENSG00000115896,2,3,gwas_catalog,NA,NA,NA,NA
PLEKHG1,ENSG00000120278,6,3,gwas_catalog,NA,NA,NA,NA
PMS2P1,ENSG00000078319,7,3,gwas_catalog,NA,NA,NA,NA
POT1-AS1,ENSG00000224897,7,3,gwas_catalog,NA,NA,NA,NA
PPIAP55,ENSG00000228979,17,3,gwas_catalog,NA,NA,NA,NA
PPIAP79,ENSG00000214853,5,3,gwas_catalog,NA,NA,NA,NA
PPP1R2P5,ENSG00000229360,2,3,gwas_catalog,NA,NA,NA,NA
PPP1R37,ENSG00000104866,19,3,gwas_catalog,NA,NA,NA,NA
PRDM9,ENSG00000164256,5,3,gwas_catalog,NA,NA,NA,NA
PRKG1,ENSG00000185532,10,3,gwas_catalog,NA,NA,NA,NA
PRKN,ENSG00000185345,6,3,gwas_catalog,NA,NA,NA,NA
PSMA6P4,ENSG00000271625,13,3,gwas_catalog,NA,NA,NA,NA
PTMAP5,ENSG00000214182,13,3,gwas_catalog,NA,NA,NA,NA
PTN,ENSG00000105894,7,3,gwas_catalog,NA,NA,NA,NA
PTPRD,ENSG00000153707,9,3,gwas_catalog,NA,NA,NA,NA
PTPRN2,ENSG00000155093,7,3,gwas_catalog,NA,NA,NA,NA
PTPRS,ENSG00000105426,19,3,gwas_catalog,NA,NA,NA,NA
PUM3,ENSG00000080608,9,3,gwas_catalog,NA,NA,NA,NA
PVR,ENSG00000073008,19,3,gwas_catalog,NA,NA,NA,NA
PVT1,ENSG00000249859,8,3,gwas_catalog,NA,NA,NA,NA
PWWP2A,ENSG00000170234,5,3,gwas_catalog,NA,NA,NA,NA
R3HDM2P2,ENSG00000216817,6,3,gwas_catalog,NA,NA,NA,NA
RAB9BP1,ENSG00000232159,5,3,gwas_catalog,NA,NA,NA,NA
RAD23B,ENSG00000119318,9,3,gwas_catalog,NA,NA,NA,NA
RAPSN,ENSG00000165917,11,3,gwas_catalog,NA,NA,NA,NA
RARB,ENSG00000077092,3,3,gwas_catalog,NA,NA,NA,NA
RBFOX1,ENSG00000078328,16,3,gwas_catalog,NA,NA,NA,NA
RBM34,ENSG00000188739,1,3,gwas_catalog,NA,NA,NA,NA
RBMS3,ENSG00000144642,3,3,gwas_catalog,NA,NA,NA,NA
RBMX2P4,ENSG00000230879,7,3,gwas_catalog,NA,NA,NA,NA
REDIC1,ENSG00000180116,12,3,gwas_catalog,NA,NA,NA,NA
RELB,ENSG00000104856,19,3,gwas_catalog,NA,NA,NA,NA
RELN,ENSG00000189056,7,3,gwas_catalog,NA,NA,NA,NA
RIMBP2,ENSG00000060709,12,3,gwas_catalog,NA,NA,NA,NA
RN7SKP102,ENSG00000223118,2,3,gwas_catalog,NA,NA,NA,NA
RN7SKP120,ENSG00000222693,9,3,gwas_catalog,NA,NA,NA,NA
RN7SKP155,ENSG00000251840,8,3,gwas_catalog,NA,NA,NA,NA
RN7SKP182,ENSG00000222704,18,3,gwas_catalog,NA,NA,NA,NA
RN7SKP27,ENSG00000222616,2,3,gwas_catalog,NA,NA,NA,NA
RN7SL354P,ENSG00000243027,15,3,gwas_catalog,NA,NA,NA,NA
RN7SL553P,ENSG00000241227,3,3,gwas_catalog,NA,NA,NA,NA
RN7SL714P,ENSG00000241757,14,3,gwas_catalog,NA,NA,NA,NA
RNA5SP189,ENSG00000201790,5,3,gwas_catalog,NA,NA,NA,NA
RNA5SP228,ENSG00000252041,7,3,gwas_catalog,NA,NA,NA,NA
RNA5SP261,ENSG00000222468,8,3,gwas_catalog,NA,NA,NA,NA
RNA5SP279,ENSG00000202383,9,3,gwas_catalog,NA,NA,NA,NA
RNA5SP326,ENSG00000200079,10,3,gwas_catalog,NA,NA,NA,NA
RNA5SP431,ENSG00000222244,16,3,gwas_catalog,NA,NA,NA,NA
RNU1-18P,ENSG00000199932,6,3,gwas_catalog,NA,NA,NA,NA
RNU4-67P,ENSG00000201439,12,3,gwas_catalog,NA,NA,NA,NA
RNU6-1,ENSG00000206625,15,3,gwas_catalog,NA,NA,NA,NA
RNU6-1060P,ENSG00000207394,6,3,gwas_catalog,NA,NA,NA,NA
RNU6-1307P,ENSG00000212314,19,3,gwas_catalog,NA,NA,NA,NA
RNU6-374P,ENSG00000201016,5,3,gwas_catalog,NA,NA,NA,NA
RNU6-560P,ENSG00000200877,11,3,gwas_catalog,NA,NA,NA,NA
RNU6-679P,ENSG00000212305,5,3,gwas_catalog,NA,NA,NA,NA
RNU6-699P,ENSG00000252890,4,3,gwas_catalog,NA,NA,NA,NA
RNU6-793P,ENSG00000206960,6,3,gwas_catalog,NA,NA,NA,NA
RNU6-952P,ENSG00000212466,11,3,gwas_catalog,NA,NA,NA,NA
ROBO1,ENSG00000169855,3,3,gwas_catalog,NA,NA,NA,NA
ROBO2,ENSG00000185008,3,3,gwas_catalog,NA,NA,NA,NA
ROBO2P1,ENSG00000229478,7,3,gwas_catalog,NA,NA,NA,NA
ROR2,ENSG00000169071,9,3,gwas_catalog,NA,NA,NA,NA
RORA,ENSG00000069667,15,3,gwas_catalog,NA,NA,NA,NA
RPL12P40,ENSG00000243516,18,3,gwas_catalog,NA,NA,NA,NA
RPL21P36,ENSG00000233752,2,3,gwas_catalog,NA,NA,NA,NA
RPL32P25,ENSG00000242993,11,3,gwas_catalog,NA,NA,NA,NA
RPL36AP28,ENSG00000225416,7,3,gwas_catalog,NA,NA,NA,NA
RPL3P8,ENSG00000232199,7,3,gwas_catalog,NA,NA,NA,NA
RPL6P17,ENSG00000216754,6,3,gwas_catalog,NA,NA,NA,NA
RPL7AP61,ENSG00000233291,13,3,gwas_catalog,NA,NA,NA,NA
RPL7P47,ENSG00000228071,16,3,gwas_catalog,NA,NA,NA,NA
RPS16P9,ENSG00000242675,19,3,gwas_catalog,NA,NA,NA,NA
RPS17P2,ENSG00000197575,5,3,gwas_catalog,NA,NA,NA,NA
RPS19P6,ENSG00000234637,9,3,gwas_catalog,NA,NA,NA,NA
RPS6KA2,ENSG00000071242,6,3,gwas_catalog,NA,NA,NA,NA
RPS6P12,ENSG00000233309,9,3,gwas_catalog,NA,NA,NA,NA
RSL24D1P11,ENSG00000231544,18,3,gwas_catalog,NA,NA,NA,NA
SAMD12-AS1,ENSG00000281641,8,3,gwas_catalog,NA,NA,NA,NA
SDHBP1,ENSG00000242222,3,3,gwas_catalog,NA,NA,NA,NA
SDK1,ENSG00000146555,7,3,gwas_catalog,NA,NA,NA,NA
SEC61G-DT,ENSG00000234707,7,3,gwas_catalog,NA,NA,NA,NA
SEMA6A-AS2,ENSG00000249167,5,3,gwas_catalog,NA,NA,NA,NA
SHANK2,ENSG00000162105,11,3,gwas_catalog,NA,NA,NA,NA
SLC14A2,ENSG00000132874,18,3,gwas_catalog,NA,NA,NA,NA
SLC24A2,ENSG00000155886,9,3,gwas_catalog,NA,NA,NA,NA
SLC26A1,ENSG00000145217,4,3,gwas_catalog,NA,NA,NA,NA
SLC2A13,ENSG00000151229,12,3,gwas_catalog,NA,NA,NA,NA
SLC52A1,ENSG00000132517,17,3,gwas_catalog,NA,NA,NA,NA
SLC52A3,ENSG00000101276,20,3,gwas_catalog,NA,NA,NA,NA
SLC6A1,ENSG00000157103,3,3,gwas_catalog,NA,NA,NA,NA
SLC8A1-AS1,ENSG00000227028,2,3,gwas_catalog,NA,NA,NA,NA
SMARCA2,ENSG00000080503,9,3,gwas_catalog,NA,NA,NA,NA
SMARCA4,ENSG00000127616,19,3,gwas_catalog,NA,NA,NA,NA
SMARCC1,ENSG00000173473,3,3,gwas_catalog,NA,NA,NA,NA
SMOX,ENSG00000088826,20,3,gwas_catalog,NA,NA,NA,NA
SNORA70,ENSG00000207165,X,3,gwas_catalog,NA,NA,NA,NA
SNORD27,ENSG00000275996,11,3,gwas_catalog,NA,NA,NA,NA
SNORD3A,ENSG00000263934,17,3,gwas_catalog,NA,NA,NA,NA
SNX18,ENSG00000178996,5,3,gwas_catalog,NA,NA,NA,NA
SNX29,ENSG00000048471,16,3,gwas_catalog,NA,NA,NA,NA
SORL1-AS1,ENSG00000246790,11,3,gwas_catalog,NA,NA,NA,NA
SPATC1,ENSG00000186583,8,3,gwas_catalog,NA,NA,NA,NA
SPATS2,ENSG00000123352,12,3,gwas_catalog,NA,NA,NA,NA
SPRY4-AS1,ENSG00000231185,5,3,gwas_catalog,NA,NA,NA,NA
SPTLC1P2,ENSG00000218512,6,3,gwas_catalog,NA,NA,NA,NA
SQSTM1,ENSG00000161011,5,3,gwas_catalog,NA,NA,NA,NA
ST18,ENSG00000147488,8,3,gwas_catalog,NA,NA,NA,NA
STC1,ENSG00000159167,8,3,gwas_catalog,NA,NA,NA,NA
STK24,ENSG00000102572,13,3,gwas_catalog,NA,NA,NA,NA
STK32B,ENSG00000152953,4,3,gwas_catalog,NA,NA,NA,NA
STMN4,ENSG00000015592,8,3,gwas_catalog,NA,NA,NA,NA
STXBP6,ENSG00000168952,14,3,gwas_catalog,NA,NA,NA,NA
SUMO2P6,ENSG00000249031,5,3,gwas_catalog,NA,NA,NA,NA
SYN2,ENSG00000157152,3,3,gwas_catalog,NA,NA,NA,NA
TAFA5,ENSG00000219438,22,3,gwas_catalog,NA,NA,NA,NA
TBXAS1,ENSG00000059377,7,3,gwas_catalog,NA,NA,NA,NA
TENM2,ENSG00000145934,5,3,gwas_catalog,NA,NA,NA,NA
TENM2-AS1,ENSG00000253978,5,3,gwas_catalog,NA,NA,NA,NA
TENM3,ENSG00000218336,4,3,gwas_catalog,NA,NA,NA,NA
TENT5A,ENSG00000112773,6,3,gwas_catalog,NA,NA,NA,NA
TEX41,ENSG00000226674,2,3,gwas_catalog,NA,NA,NA,NA
TFDP1P1,ENSG00000224540,1,3,gwas_catalog,NA,NA,NA,NA
THSD7A,ENSG00000005108,7,3,gwas_catalog,NA,NA,NA,NA
TIAL1P1,ENSG00000270306,6,3,gwas_catalog,NA,NA,NA,NA
TIMP2,ENSG00000035862,17,3,gwas_catalog,NA,NA,NA,NA
TMEM132C,ENSG00000181234,12,3,gwas_catalog,NA,NA,NA,NA
TMEM132D,ENSG00000151952,12,3,gwas_catalog,NA,NA,NA,NA
TMEM163,ENSG00000152128,2,3,gwas_catalog,NA,NA,NA,NA
TMEM41B,ENSG00000166471,11,3,gwas_catalog,NA,NA,NA,NA
TMEM94,ENSG00000177728,17,3,gwas_catalog,NA,NA,NA,NA
TOMM22P6,ENSG00000241874,3,3,gwas_catalog,NA,NA,NA,NA
TOMM40,ENSG00000130204,19,3,gwas_catalog,NA,NA,NA,NA
TRANK1,ENSG00000168016,3,3,gwas_catalog,NA,NA,NA,NA
TRAPPC6A,ENSG00000007255,19,3,gwas_catalog,NA,NA,NA,NA
TRIB1,ENSG00000173334,8,3,gwas_catalog,NA,NA,NA,NA
TRPC6P8,ENSG00000236503,7,3,gwas_catalog,NA,NA,NA,NA
TRPM1,ENSG00000134160,15,3,gwas_catalog,NA,NA,NA,NA
TRPS1,ENSG00000104447,8,3,gwas_catalog,NA,NA,NA,NA
TSBP1-AS1,ENSG00000225914,6,3,gwas_catalog,NA,NA,NA,NA
TSHZ2,ENSG00000182463,20,3,gwas_catalog,NA,NA,NA,NA
TSPOAP1-AS1,ENSG00000265148,17,3,gwas_catalog,NA,NA,NA,NA
TULP3,ENSG00000078246,12,3,gwas_catalog,NA,NA,NA,NA
TUSC1,ENSG00000198680,9,3,gwas_catalog,NA,NA,NA,NA
ULK4,ENSG00000168038,3,3,gwas_catalog,NA,NA,NA,NA
UNC5C-AS1,ENSG00000271474,4,3,gwas_catalog,NA,NA,NA,NA
USP50,ENSG00000170236,15,3,gwas_catalog,NA,NA,NA,NA
USP6NL-AS1,ENSG00000271360,10,3,gwas_catalog,NA,NA,NA,NA
VDAC1P12,ENSG00000227254,13,3,gwas_catalog,NA,NA,NA,NA
VRK3,ENSG00000105053,19,3,gwas_catalog,NA,NA,NA,NA
VTI1A,ENSG00000151532,10,3,gwas_catalog,NA,NA,NA,NA
VWA5B1,ENSG00000158816,1,3,gwas_catalog,NA,NA,NA,NA
WDR70,ENSG00000082068,5,3,gwas_catalog,NA,NA,NA,NA
WDR81-AS1,ENSG00000262791,NA,3,gwas_catalog,NA,NA,NA,NA
WDR88,ENSG00000166359,19,3,gwas_catalog,NA,NA,NA,NA
XRCC2,ENSG00000196584,7,3,gwas_catalog,NA,NA,NA,NA
XYLT1,ENSG00000103489,16,3,gwas_catalog,NA,NA,NA,NA
YAP1,ENSG00000137693,11,3,gwas_catalog,NA,NA,NA,NA
YTHDC2,ENSG00000047188,5,3,gwas_catalog,NA,NA,NA,NA
YWHAQ,ENSG00000134308,2,3,gwas_catalog,NA,NA,NA,NA
Y_RNA,NA,NA,3,gwas_catalog,NA,NA,NA,NA
ZBTB16,ENSG00000109906,11,3,gwas_catalog,NA,NA,NA,NA
ZCWPW1,ENSG00000078487,7,3,gwas_catalog,NA,NA,NA,NA
ZFAT,ENSG00000066827,8,3,gwas_catalog,NA,NA,NA,NA
ZFP3-DT,ENSG00000262693,17,3,gwas_catalog,NA,NA,NA,NA
ZIC5,ENSG00000139800,13,3,gwas_catalog,NA,NA,NA,NA
ZMIZ1,ENSG00000108175,10,3,gwas_catalog,NA,NA,NA,NA
ZNF232,ENSG00000167840,17,3,gwas_catalog,NA,NA,NA,NA
ZNF232-AS1,ENSG00000234327,17,3,gwas_catalog,NA,NA,NA,NA
ZNF462,ENSG00000148143,9,3,gwas_catalog,NA,NA,NA,NA
ZNF594-DT,ENSG00000261879,17,3,gwas_catalog,NA,NA,NA,NA
ZNF652,ENSG00000198740,17,3,gwas_catalog,NA,NA,NA,NA
ZNF652-AS1,ENSG00000248714,17,3,gwas_catalog,NA,NA,NA,NA
ZNF689,ENSG00000156853,16,3,gwas_catalog,NA,NA,NA,NA
ZNRF4,ENSG00000105428,19,3,gwas_catalog,NA,NA,NA,NA
ZP3P2,ENSG00000226066,7,3,gwas_catalog,NA,NA,NA,NA
